id,name,model_id:id,group_id:id,perm_read,perm_write,perm_create,perm_unlink
access_stocksense_category_user,stocksense.category.user,model_stocksense_category,group_stocksense_user,1,0,0,0
access_stocksense_category_manager,stocksense.category.manager,model_stocksense_category,group_stocksense_manager,1,1,1,1
access_stocksense_product_user,stocksense.product.user,model_stocksense_product,group_stocksense_user,1,0,0,0
access_stocksense_product_manager,stocksense.product.manager,model_stocksense_product,group_stocksense_manager,1,1,1,1
access_stocksense_warehouse_user,stocksense.warehouse.user,model_stocksense_warehouse,group_stocksense_user,1,0,0,0
access_stocksense_warehouse_manager,stocksense.warehouse.manager,model_stocksense_warehouse,group_stocksense_manager,1,1,1,1
access_stocksense_location_user,stocksense.location.user,model_stocksense_location,group_stocksense_user,1,0,0,0
access_stocksense_location_manager,stocksense.location.manager,model_stocksense_location,group_stocksense_manager,1,1,1,1
access_stocksense_operation_user,stocksense.operation.user,model_stocksense_operation,group_stocksense_user,1,1,1,0
access_stocksense_operation_manager,stocksense.operation.manager,model_stocksense_operation,group_stocksense_manager,1,1,1,1
access_stocksense_operation_line_user,stocksense.operation.line.user,model_stocksense_operation_line,group_stocksense_user,1,1,1,0
access_stocksense_operation_line_manager,stocksense.operation.line.manager,model_stocksense_operation_line,group_stocksense_manager,1,1,1,1
access_stocksense_movement_user,stocksense.movement.user,model_stocksense_movement,group_stocksense_user,1,0,0,0
access_stocksense_movement_manager,stocksense.movement.manager,model_stocksense_movement,group_stocksense_manager,1,0,0,0
access_stocksense_stock_user,stocksense.stock.user,model_stocksense_stock,group_stocksense_user,1,0,0,0
access_stocksense_stock_manager,stocksense.stock.manager,model_stocksense_stock,group_stocksense_manager,1,0,0,0
access_stocksense_reorder_rule_user,stocksense.reorder.rule.user,model_stocksense_reorder_rule,group_stocksense_user,1,0,0,0
access_stocksense_reorder_rule_manager,stocksense.reorder.rule.manager,model_stocksense_reorder_rule,group_stocksense_manager,1,1,1,1
